{
  "tags_acc":98.2113708847,
  "las":84.2251961169,
  "ents_r":85.8701642235,
  "ents_f":84.860037033,
  "uas":88.9356692547,
  "token_acc":100.0,
  "ents_p":83.8733986436
}